{
    "qnli": {
        "eval_loss": 1.0394032001495361,
        "eval_acc": 0.7993776313380926,
        "eps_rdp": 6.9807241175513255,
        "alpha_rdp": 3.0,
        "eps_low": 5.735794844958983,
        "eps_estimate": 5.786290516242474,
        "eps_upper": 5.836786445373409
    }
}