{
    "qnli": {
        "eval_loss": -98.98479461669922,
        "eval_acc": 0.9068277503203368
    }
}