{
    "sst-2": {
        "eval_loss": 0.6301126480102539,
        "eval_acc": 0.8589449541284404,
        "eps_rdp": 0.6760666755988058,
        "alpha_rdp": 20.0,
        "eps_low": 0.5415352524794766,
        "eps_estimate": 0.5915811857224277,
        "eps_upper": 0.6416271168556131
    }
}