{
    "sst-2": {
        "eval_loss": -98.95963287353516,
        "eval_acc": 0.9139908256880734
    }
}