{
    "sst-2": {
        "eval_loss": 0.6470091342926025,
        "eval_acc": 0.8222477064220184,
        "eps_rdp": 7.959911723713467,
        "alpha_rdp": 2.7,
        "eps_low": 6.597596593799188,
        "eps_estimate": 6.648161350389303,
        "eps_upper": 6.698727313390424
    }
}