{
    "sst-2": {
        "eval_loss": 0.7743924856185913,
        "eval_acc": 0.8497706422018348,
        "eps_rdp": 0.6760666755988058,
        "alpha_rdp": 20.0,
        "eps_low": 0.5415352524794766,
        "eps_estimate": 0.5915811857224277,
        "eps_upper": 0.6416271168556131
    }
}