{
    "qnli": {
        "eval_loss": 0.9260936379432678,
        "eval_acc": 0.8958447739337361
    }
}