{
    "sst-2": {
        "eval_loss": 0.6974492073059082,
        "eval_acc": 0.9277522935779816
    }
}