{
    "C": 0.2,
    "array_alpha": 256,
    "sample_size": 392703,
    "target_delta": 0.0000012732268406403822,
    "batch_size": 1024,
    "sample_rate": 0.0026075685696315028,
    "epoch": 3,
    "steps": 1151,
    "dataset": "mnli"
}