{
    "qnli": {
        "eval_loss": -98.98394012451172,
        "eval_acc": 0.8846787479406919
    }
}