{
    "sst-2": {
        "eval_loss": 0.862856924533844,
        "eval_acc": 0.9002293577981652
    }
}