{
    "sst-2": {
        "eval_loss": 0.8087135553359985,
        "eval_acc": 0.9105504587155964
    }
}