{
    "a_G": 1,
    "G_k": 40,
    "G_theta": 0.00380952380952381,
    "C": 3,
    "eps_check": 0.362749854323983,
    "distributions": [
        "Gamma"
    ],
    "alpha": 63,
    "target_delta": 7.4240152043831385e-06,
    "sample_rate": 0.015204383138576668,
    "steps": 1,
    "noise_multiplier": 1.6358154296874998,
    "sigma": 4.9074462890624995
}