{
    "target_epsilon": 1.09142499401633,
    "distortion_PLRV": 2.444202695115103,
    "target_delta": 7.4240152043831385e-06,
    "C": 3.0,
    "sample_rate": 0.015204383138576668,
    "G_k": 89.74874371859296,
    "G_theta": 0.004609996198241486,
    "steps": 197.0,
    "diff_dist": 0.5989851523691931,
    "a_G": 1,
    "distributions": [
        "Gamma"
    ],
    "epsilon": 1.0469346874705938,
    "distortion_Gaussian": 3.043187847484296,
    "sigma": 3.8140703517587946
}