{
    "eps_check": 0.999961464346126,
    "distortion_PLRV/C": 0.859012982846335,
    "delta": 7.42401520438314e-06,
    "C": 1.18888888888889,
    "q": 0.0152043831385767,
    "k": 1085.08361204013,
    "theta": 0.0009032255720301,
    "T": 197.0,
    "lambda_max": 200.0,
    "matching_entries/cli": 0.880947099153337,
    "dist_to_fix_eps": 0.006436398249306974,
    "idx_P": 21879,
    "a_G": 1,
    "distributions": [
        "Gamma"
    ],
    "gaussian_eps": 0.993563601750693,
    "gaussian_q": 0.0152043831385767,
    "gaussian_sigma": 1.30315157578789,
    "clip": 0.1,
    "gaussian_dist/clip": 1.03976452270709,
    "diff_distortion": 0.18075153986075498
}