{
    "eps_check": 0.983223022143751,
    "distortion_PLRV/C": 0.870122869334739,
    "delta": 7.42401520438314e-06,
    "C": 1.18888888888889,
    "q": 0.0152043831385767,
    "k": 2976.1872909699,
    "theta": 0.0003249105686479,
    "T": 197.0,
    "lambda_max": 50.0,
    "matching_entries/cli": 0.890515312692159,
    "idx": 15430
}