{
    "target_epsilon": 0.7769359381635099,
    "distortion_PLRV": 3.237125859825246,
    "target_delta": 7.4240152043831385e-06,
    "C": 3.0,
    "sample_rate": 0.015204383138576668,
    "G_k": 150.0,
    "G_theta": 0.002073261802781887,
    "steps": 197.0,
    "diff_dist": 0.23908476437618287,
    "a_G": 1,
    "distributions": [
        "Gamma"
    ],
    "epsilon": 0.799299297045704,
    "distortion_Gaussian": 3.476210624201429,
    "sigma": 4.35678391959799
}