{
    "eps_check": 1.074020333934,
    "distortion_PLRV/C": 0.810822491928488,
    "delta": 7.42401520438314e-06,
    "C": 1.18888888888889,
    "q": 0.0152043831385767,
    "k": 554.247491638796,
    "theta": 0.0018750527533927,
    "T": 197.0,
    "lambda_max": 150.0,
    "matching_entries/cli": 0.852242458536869,
    "idx": 51104,
    "paired_noise_multiplier": 1.2578125,
    "paired_sigma": 1.495399305555557
}