{
    "eps_check": 1.09120710000393,
    "distortion_PLRV/C": 0.797884560802865,
    "delta": 7.42401520438314e-06,
    "C": 1.18888888888889,
    "q": 0.0152043831385767,
    "k": 2279.46488294314,
    "theta": 0.0004626753166946,
    "T": 197.0,
    "lambda_max": 50.0,
    "matching_entries/cli": 0.842674244998047
}