{
    "eps_check": 1.0860082946439,
    "distortion_PLRV/C": 0.801570131331941,
    "delta": 7.42401520438314e-06,
    "C": 1.18888888888889,
    "q": 0.0152043831385767,
    "k": 1367.09030100334,
    "theta": 0.0007681354312643,
    "T": 197.0,
    "lambda_max": 150.0,
    "matching_entries/cli": 0.845863649510988,
    "idx": 55821
}