{
    "eps_check": 1.04351145256737,
    "distortion_PLRV/C": 0.828349805564991,
    "delta": 7.42401520438314e-06,
    "C": 1.18888888888889,
    "q": 0.0152043831385767,
    "k": 1333.91304347826,
    "theta": 0.000761803808065,
    "T": 197.0,
    "lambda_max": 50.0,
    "matching_entries/cli": 0.861810672075692,
    "idx": 39414
}