{
    "eps_check": 0.96685042977097,
    "distortion_PLRV/C": 0.883178664867396,
    "delta": 7.42401520438314e-06,
    "C": 1.18888888888889,
    "q": 0.0152043831385767,
    "k": 1416.85618729097,
    "theta": 0.0006726529010317,
    "T": 197.0,
    "lambda_max": 50.0,
    "matching_entries/cli": 0.8937047172051,
    "idx": 8815,
    "paired_noise_multiplier": 1.328271484375,
    "paired_sigma": 1.5791672092013904
}