{
    "eps_check": 1.04842100674036,
    "distortion_PLRV/C": 0.824501457810022,
    "delta": 7.42401520438314e-06,
    "C": 1.18888888888889,
    "q": 0.0152043831385767,
    "k": 2860.06688963211,
    "theta": 0.0003568149051976,
    "T": 197.0,
    "lambda_max": 50.0,
    "matching_entries/cli": 0.861810672075692,
    "idx": 41331,
    "paired_noise_multiplier": 1.278759765625,
    "paired_sigma": 1.5203032769097238
}