{
    "eps_check": 1.05200694595187,
    "distortion_PLRV/C": 0.822502299490212,
    "delta": 7.42401520438314e-06,
    "C": 1.18888888888889,
    "q": 0.0152043831385767,
    "k": 1831.57190635452,
    "theta": 0.000558643587465,
    "T": 197.0,
    "lambda_max": 50.0,
    "matching_entries/cli": 0.858621267562751,
    "idx": 42779,
    "paired_noise_multiplier": 1.2759033203125,
    "paired_sigma": 1.5169072808159738
}