{
    "eps_check": 1.0930172677166,
    "distortion_PLRV/C": 0.797884560802865,
    "delta": 7.42401520438314e-06,
    "C": 1.18888888888889,
    "q": 0.0152043831385767,
    "k": 869.43143812709,
    "theta": 0.0012139006201421,
    "T": 197.0,
    "lambda_max": 150.0,
    "matching_entries/cli": 0.842674244998047
}