{
    "eps_check": 1.06668424844239,
    "distortion_PLRV/C": 0.812886223612752,
    "delta": 7.42401520438314e-06,
    "C": 1.18888888888889,
    "q": 0.0152043831385767,
    "k": 3374.3143812709,
    "theta": 0.0003067412270349,
    "T": 197.0,
    "lambda_max": 150.0,
    "matching_entries/cli": 0.85543186304981,
    "idx": 48234,
    "paired_noise_multiplier": 1.2625732421875,
    "paired_sigma": 1.5010592990451403
}