{
    "eps_check": 0.968195116442961,
    "distortion_PLRV/C": 0.881298503551799,
    "delta": 7.42401520438314e-06,
    "C": 1.18888888888889,
    "q": 0.0152043831385767,
    "k": 4883.87959866221,
    "theta": 0.0001954608051581,
    "T": 197.0,
    "lambda_max": 200.0,
    "matching_entries/cli": 0.8937047172051,
    "idx": 9048,
    "paired_noise_multiplier": 1.3273193359375002,
    "paired_sigma": 1.5780352105034738
}