{
    "eps_check": 1.07302649369729,
    "distortion_PLRV/C": 0.809079965934008,
    "delta": 7.42401520438314e-06,
    "C": 1.18888888888889,
    "q": 0.0152043831385767,
    "k": 3009.36454849498,
    "theta": 0.0003455706278728,
    "T": 197.0,
    "lambda_max": 50.0,
    "matching_entries/cli": 0.852242458536869,
    "idx": 50666
}