{
    "eps_check": 0.945419412086293,
    "distortion_PLRV/C": 0.899654573071812,
    "delta": 7.42401520438314e-06,
    "C": 1.18888888888889,
    "q": 0.0152043831385767,
    "k": 5000.0,
    "theta": 0.0001870250601639,
    "T": 197.0,
    "lambda_max": 100.0,
    "matching_entries/cli": 0.903272930743922,
    "idx": 0,
    "paired_noise_multiplier": 1.33779296875,
    "paired_sigma": 1.5904871961805571
}