{
    "eps_check": 0.959708497354311,
    "distortion_PLRV/C": 0.889596410031209,
    "delta": 7.42401520438314e-06,
    "C": 1.18888888888889,
    "q": 0.0152043831385767,
    "k": 852.842809364549,
    "theta": 0.001109957240016,
    "T": 197.0,
    "lambda_max": 150.0,
    "matching_entries/cli": 0.896894121718041,
    "idx": 5765
}