{
    "eps_check": 0.974080847479557,
    "distortion_PLRV/C": 0.87837817802869,
    "delta": 7.42401520438314e-06,
    "C": 1.18888888888889,
    "q": 0.0152043831385767,
    "k": 852.842809364549,
    "theta": 0.0011241330906266,
    "T": 197.0,
    "lambda_max": 150.0,
    "matching_entries/cli": 0.890515312692159,
    "idx": 11529
}