{
    "eps_check": 0.988756625838078,
    "distortion_PLRV/C": 0.865844492993562,
    "delta": 7.42401520438314e-06,
    "C": 1.18888888888889,
    "q": 0.0152043831385767,
    "k": 4900.46822742475,
    "theta": 0.000198275880443,
    "T": 197.0,
    "lambda_max": 150.0,
    "matching_entries/cli": 0.887325908179218,
    "idx": 17294
}