{
    "eps_check": 1.0030490738064,
    "distortion_PLRV/C": 0.858494296609503,
    "delta": 7.42401520438314e-06,
    "C": 1.18888888888889,
    "q": 0.0152043831385767,
    "k": 521.070234113712,
    "theta": 0.0018839063915307,
    "T": 197.0,
    "lambda_max": 100.0,
    "matching_entries/cli": 0.877757694640396,
    "idx": 23059,
    "paired_noise_multiplier": 1.297802734375,
    "paired_sigma": 1.542943250868057
}