{
    "eps_check": 1.0168897096356,
    "distortion_PLRV/C": 0.846545780636962,
    "delta": 7.42401520438314e-06,
    "C": 1.18888888888889,
    "q": 0.0152043831385767,
    "k": 1400.26755852843,
    "theta": 0.0007100803866201,
    "T": 197.0,
    "lambda_max": 200.0,
    "matching_entries/cli": 0.871378885614514,
    "idx": 28826,
    "paired_noise_multiplier": 1.290185546875,
    "paired_sigma": 1.5338872612847239
}