{
    "eps_check": 1.03109782793559,
    "distortion_PLRV/C": 0.836389620938773,
    "delta": 7.42401520438314e-06,
    "C": 1.18888888888889,
    "q": 0.0152043831385767,
    "k": 1748.62876254181,
    "theta": 0.0005754411472756,
    "T": 197.0,
    "lambda_max": 150.0,
    "matching_entries/cli": 0.865000076588633,
    "idx": 34590,
    "paired_noise_multiplier": 1.2844726562500002,
    "paired_sigma": 1.527095269097224
}