{
    "eps_check": 1.04573365775561,
    "distortion_PLRV/C": 0.826442918917418,
    "delta": 7.42401520438314e-06,
    "C": 1.18888888888889,
    "q": 0.0152043831385767,
    "k": 2130.16722408027,
    "theta": 0.0004780090254064,
    "T": 197.0,
    "lambda_max": 50.0,
    "matching_entries/cli": 0.861810672075692,
    "idx": 40352
}