{
    "eps_check": 1.06079169175953,
    "distortion_PLRV/C": 0.820182029936614,
    "delta": 7.42401520438314e-06,
    "C": 1.18888888888889,
    "q": 0.0152043831385767,
    "k": 388.361204013378,
    "theta": 0.0026474780008219,
    "T": 197.0,
    "lambda_max": 150.0,
    "matching_entries/cli": 0.858621267562751,
    "idx": 46119,
    "paired_noise_multiplier": 1.267333984375,
    "paired_sigma": 1.5067192925347237
}