{
    "eps_check": 1.07620673648588,
    "distortion_PLRV/C": 0.807191164938622,
    "delta": 7.42401520438314e-06,
    "C": 1.18888888888889,
    "q": 0.0152043831385767,
    "k": 2876.65551839465,
    "theta": 0.0003623643565764,
    "T": 197.0,
    "lambda_max": 200.0,
    "matching_entries/cli": 0.852242458536869,
    "idx": 51888,
    "paired_noise_multiplier": 1.255908203125,
    "paired_sigma": 1.4931353081597236
}