{
    "eps_check": 1.12393662661927,
    "distortion_PLRV/C": 0.79953279817554,
    "delta": 7.42401520438314e-06,
    "C": 1.18888888888889,
    "q": 0.0152043831385767,
    "k": 73.1772575250836,
    "theta": 0.0145754533369728,
    "T": 197.0,
    "lambda_max": 50.0,
    "matching_entries/cli": 0.833106031459224,
    "idx": 57650
}