{
    "a_G": 1,
    "G_k": 53.0653266331658,
    "G_theta": 0.0158332201548282,
    "distributions": [
        "Gamma"
    ],
    "steps": 197,
    "eps": 0.922877680843546,
    "PLRV-Dist": 1.21305963650293,
    "delta": 7.42401520438314e-06,
    "C": 1.27586206896552,
    "sample_rate": 0.0152043831385767,
    "Gauss_distortion": 1.37056798758602,
    "noise_multiplier": 1.3520751953125,
    "sigma": 1.725061456088366
}