{
    "eps_check": 0.89999,
    "distortion_PLRV/C": 0.61722,
    "delta": 7.424e-06,
    "C": 0.64444,
    "q": 0.015204,
    "k": 88.09,
    "theta": 0.018603,
    "T": 197.0,
    "lambda_max": 100.0,
    "matching_entries/cli": 1.0966,
    "dist_to_fix_eps": 1.0000000000065512e-05,
    "idx_P": 91728,
    "a_G": 1,
    "distributions": [
        "Gamma"
    ]
}