{
    "target_epsilon": 0.9998455154404255,
    "distortion_PLRV": 1.107092178404392,
    "target_delta": 7.4240152043831385e-06,
    "C": 1.2758620689655173,
    "sample_rate": 0.015204383138576668,
    "G_k": 163.26633165829145,
    "G_theta": 0.00556657159672235,
    "steps": 197.0,
    "distortion": 1.3221650289166256,
    "noise_multiplier": 1.29970703125,
    "sigma": 1.6582469019396555,
    "rdp_order": 150.0
}