{
    "eps_check": 0.59997,
    "distortion_PLRV/C": 0.88921,
    "delta": 7.424e-06,
    "C": 0.64444,
    "q": 0.015204,
    "k": 68.442,
    "theta": 0.016675,
    "T": 197.0,
    "lambda_max": 100.0,
    "matching_entries/cli": 1.3734,
    "dist_to_fix_eps": 2.999999999997449e-05,
    "idx_P": 84833,
    "a_G": 1,
    "distributions": [
        "Gamma"
    ]
}