{
    "target_epsilon": 1.0499236579125997,
    "distortion_PLRV": 1.0620188820913334,
    "target_delta": 7.4240152043831385e-06,
    "C": 1.2758620689655173,
    "sample_rate": 0.015204383138576668,
    "G_k": 170.95477386934672,
    "G_theta": 0.005540314183530263,
    "steps": 197.0,
    "distortion": 1.302803845448868,
    "rdp_order": 150.0,
    "noise_multiplier": 1.2759033203125,
    "sigma": 1.6278766500538795
}