{
    "target_epsilon": 1.0999821839466275,
    "distortion_PLRV": 1.0296126703189934,
    "target_delta": 7.4240152043831385e-06,
    "C": 1.2758620689655173,
    "sample_rate": 0.015204383138576668,
    "G_k": 104.321608040201,
    "G_theta": 0.009400153922766987,
    "steps": 197.0,
    "distortion": 1.264081478513352,
    "rdp_order": 150.0,
    "noise_multiplier": 1.242578125,
    "sigma": 1.5853582974137934
}