{
    "target_epsilon": 1.1106900682684355,
    "distortion_PLRV": 1.0180639391931852,
    "target_delta": 7.4240152043831385e-06,
    "C": 1.2758620689655173,
    "sample_rate": 0.015204383138576668,
    "G_k": 126.53266331658291,
    "G_theta": 0.007824709131241794,
    "steps": 197.0,
    "distortion": 1.264081478513352,
    "rdp_order": 150.0,
    "noise_multiplier": 1.23876953125,
    "sigma": 1.5804990571120692
}