{
    "target_epsilon": 1.4532281721494216,
    "distortion_PLRV": 1.01809594129334,
    "target_delta": 1.18874967309384e-05,
    "C": 1.2758620689655173,
    "sample_rate": 0.024345593304961843,
    "G_k": 57.336683417085425,
    "G_theta": 0.017434922359545475,
    "steps": 124.0,
    "??": 75.0,
    "distortion": 1.2379584746887642,
    "diff_dist": -0.123984096775556,
    "a_G": 1,
    "distributions": [
        "Gamma"
    ],
    "gaussian_eps": 1.722995641789255,
    "gaussian_q": 0.024345593304961843,
    "gaussian_sigma": 1.120603015075377,
    "clip": 1.0,
    "distortion_Gaussian": 0.8941118445177839
}