{
    "eps_check": 0.889993884454933,
    "distortion_PLRV/C": 0.805219374608869,
    "delta": 4.77358868850424e-06,
    "C": 1.18888888888889,
    "q": 0.0097763096340566,
    "k": 73.1772575250836,
    "theta": 0.0144725193638659,
    "T": 306.0,
    "lambda_max": 50.0,
    "matching_entries/cli": 0.85543186304981,
    "dist_to_fix_eps": 0.01740148016518006,
    "idx_P": 1537,
    "a_G": 1,
    "distributions": [
        "Gamma"
    ],
    "gaussian_eps": 3.98259851983482,
    "gaussian_q": 0.0097763096340566,
    "gaussian_sigma": 0.709104552276138,
    "clip": 0.1,
    "gaussian_dist/clip": 0.565783574256159,
    "diff_distortion": -0.23943580035271006,
    "paired_noise_multiplier": 1.2644775390624998,
    "paired_sigma": 1.5033232964409735
}