{
    "eps_check": 0.889993884454933,
    "distortion_PLRV/C": 0.805219374608869,
    "delta": 4.77358868850424e-06,
    "C": 1.18888888888889,
    "q": 0.0097763096340566,
    "k": 73.1772575250836,
    "theta": 0.0144725193638659,
    "T": 306.0,
    "lambda_max": 50.0,
    "matching_entries/cli": 0.85543186304981,
    "dist_to_fix_eps": 0.014604957613370217,
    "a_G": 1,
    "distributions": [
        "Gamma"
    ],
    "gaussian_eps": 2.98539504238663,
    "gaussian_q": 0.0097763096340566,
    "gaussian_sigma": 0.780390195097549,
    "clip": 0.1,
    "gaussian_dist/clip": 0.62266128807027,
    "diff_distortion": -0.18255808653859906
}