{
    "eps_check": 0.889993884454933,
    "distortion_PLRV/C": 0.805219374608869,
    "delta": 4.77358868850424e-06,
    "C": 1.18888888888889,
    "q": 0.0097763096340566,
    "k": 73.1772575250836,
    "theta": 0.0144725193638659,
    "T": 306.0,
    "lambda_max": 50.0,
    "matching_entries/cli": 0.85543186304981,
    "dist_to_fix_eps": 0.0013602611647900442,
    "idx_P": 1537,
    "a_G": 1,
    "distributions": [
        "Gamma"
    ],
    "gaussian_eps": 1.49863973883521,
    "gaussian_q": 0.0097763096340566,
    "gaussian_sigma": 1.01325662831416,
    "clip": 1.73333333333333,
    "gaussian_dist/clip": 0.808461819863034,
    "diff_distortion": 0.0032424452541649496
}