{
    "eps_check": 0.889993884454933,
    "distortion_PLRV/C": 0.805219374608869,
    "delta": 4.77358868850424e-06,
    "C": 1.18888888888889,
    "q": 0.0097763096340566,
    "k": 73.1772575250836,
    "theta": 0.0144725193638659,
    "T": 306.0,
    "lambda_max": 50.0,
    "matching_entries/cli": 0.85543186304981,
    "dist_to_fix_eps": 0.002926219581142031,
    "idx_P": 1537,
    "a_G": 1,
    "distributions": [
        "Gamma"
    ],
    "gaussian_eps": 0.997073780418858,
    "gaussian_q": 0.0097763096340566,
    "gaussian_sigma": 1.20810405202601,
    "clip": 0.1,
    "gaussian_dist/clip": 0.963927570954937,
    "diff_distortion": 0.15870819634606792
}