{
    "target_epsilon": 1.34309626649596,
    "distortion_PLRV": 1.059276371340646,
    "target_delta": 1.18874967309384e-05,
    "C": 1.2758620689655173,
    "sample_rate": 0.024345593304961843,
    "G_k": 166.68341708542712,
    "G_theta": 0.005697858662682783,
    "steps": 124.0,
    "??": 150.0,
    "distortion": 1.286556018116629,
    "diff_dist": -0.05089462741139639,
    "a_G": 1,
    "distributions": [
        "Gamma"
    ],
    "gaussian_eps": 1.333801560100136,
    "gaussian_q": 0.024345593304961843,
    "gaussian_sigma": 1.263819095477387,
    "clip": 1.0,
    "distortion_Gaussian": 1.0083817439292495
}