{
    "eps_check": 0.872803301981091,
    "distortion_PLRV/C": 0.798387076145332,
    "delta": 4.77358868850424e-06,
    "C": 1.18888888888889,
    "q": 0.0097763096340566,
    "k": 1267.55852842809,
    "theta": 0.0008318020185515,
    "T": 306.0,
    "lambda_max": 100.0,
    "matching_entries/cli": 0.868189481101573
}