{
    "eps_check": 0.767181111675412,
    "distortion_PLRV/C": 0.890951723833077,
    "delta": 4.77358868850424e-06,
    "C": 1.18888888888889,
    "q": 0.0097763096340566,
    "k": 1018.72909698997,
    "theta": 0.0009276248365593,
    "T": 306.0,
    "lambda_max": 150.0,
    "matching_entries/cli": 0.922409357821567,
    "idx": 201,
    "paired_noise_multiplier": 1.3577880859375,
    "paired_sigma": 1.614259168836807
}