{
    "eps_check": 0.874303874755342,
    "distortion_PLRV/C": 0.797930880818806,
    "delta": 4.77358868850424e-06,
    "C": 1.18888888888889,
    "q": 0.0097763096340566,
    "k": 819.665551839465,
    "theta": 0.0012876177128219,
    "T": 306.0,
    "lambda_max": 100.0,
    "matching_entries/cli": 0.868189481101573
}