{
    "eps_check": 0.864602970544556,
    "distortion_PLRV/C": 0.813317569401359,
    "delta": 4.77358868850424e-06,
    "C": 1.18888888888889,
    "q": 0.0097763096340566,
    "k": 156.120401337793,
    "theta": 0.0066669877623653,
    "T": 306.0,
    "lambda_max": 50.0,
    "matching_entries/cli": 0.871378885614514,
    "idx": 1412
}