{
    "eps_check": 0.88048384800246,
    "distortion_PLRV/C": 0.798793978546166,
    "delta": 4.77358868850424e-06,
    "C": 1.18888888888889,
    "q": 0.0097763096340566,
    "k": 205.886287625418,
    "theta": 0.0051393838550094,
    "T": 306.0,
    "lambda_max": 150.0,
    "matching_entries/cli": 0.865000076588633
}