{
    "eps_check": 0.877767790141506,
    "distortion_PLRV/C": 0.798762860204189,
    "delta": 4.77358868850424e-06,
    "C": 1.18888888888889,
    "q": 0.0097763096340566,
    "k": 288.829431438127,
    "theta": 0.003658521979536,
    "T": 306.0,
    "lambda_max": 50.0,
    "matching_entries/cli": 0.865000076588633
}