{
    "eps_check": 0.867288530616282,
    "distortion_PLRV/C": 0.801741363132451,
    "delta": 4.77358868850424e-06,
    "C": 1.18888888888889,
    "q": 0.0097763096340566,
    "k": 3772.44147157191,
    "theta": 0.000278174341897,
    "T": 306.0,
    "lambda_max": 200.0,
    "matching_entries/cli": 0.868189481101573,
    "idx": 1449,
    "paired_noise_multiplier": 1.2844726562500002,
    "paired_sigma": 1.527095269097224
}