{
    "eps_check": 0.753845704617234,
    "distortion_PLRV/C": 0.907176894573751,
    "delta": 4.77358868850424e-06,
    "C": 1.18888888888889,
    "q": 0.0097763096340566,
    "k": 404.94983277592,
    "theta": 0.0022952992706698,
    "T": 306.0,
    "lambda_max": 150.0,
    "matching_entries/cli": 0.928788166847449,
    "idx": 18,
    "paired_noise_multiplier": 1.3787353515625003,
    "paired_sigma": 1.639163140190974
}