{
    "eps_check": 0.826357270117287,
    "distortion_PLRV/C": 0.835380909676376,
    "delta": 4.77358868850424e-06,
    "C": 1.18888888888889,
    "q": 0.0097763096340566,
    "k": 2412.17391304348,
    "theta": 0.0004175857297756,
    "T": 306.0,
    "lambda_max": 200.0,
    "matching_entries/cli": 0.887325908179218,
    "idx": 941
}