{
    "eps_check": 0.873413062466619,
    "distortion_PLRV/C": 0.799335393990041,
    "delta": 4.77358868850424e-06,
    "C": 1.18888888888889,
    "q": 0.0097763096340566,
    "k": 587.42474916388,
    "theta": 0.0017943923016506,
    "T": 306.0,
    "lambda_max": 200.0,
    "matching_entries/cli": 0.868189481101573
}