{
    "eps_check": 0.883109070704322,
    "distortion_PLRV/C": 0.798208405900787,
    "delta": 4.77358868850424e-06,
    "C": 1.18888888888889,
    "q": 0.0097763096340566,
    "k": 172.709030100334,
    "theta": 0.006136903575974,
    "T": 306.0,
    "lambda_max": 50.0,
    "matching_entries/cli": 0.861810672075692
}