{
    "eps_check": 0.87733060899192,
    "distortion_PLRV/C": 0.799104000176182,
    "delta": 4.77358868850424e-06,
    "C": 1.18888888888889,
    "q": 0.0097763096340566,
    "k": 288.829431438127,
    "theta": 0.0036569601451748,
    "T": 306.0,
    "lambda_max": 200.0,
    "matching_entries/cli": 0.868189481101573
}