{
    "eps_check": 0.855171665535241,
    "distortion_PLRV/C": 0.832245812218812,
    "delta": 4.77358868850424e-06,
    "C": 1.18888888888889,
    "q": 0.0097763096340566,
    "k": 73.1772575250836,
    "theta": 0.0140025372553307,
    "T": 306.0,
    "lambda_max": 50.0,
    "matching_entries/cli": 0.871378885614514,
    "idx": 1304,
    "paired_noise_multiplier": 1.2968505859375,
    "paired_sigma": 1.5418112521701401
}