{
    "eps_check": 0.834908570467895,
    "distortion_PLRV/C": 0.828358260914322,
    "delta": 4.77358868850424e-06,
    "C": 1.18888888888889,
    "q": 0.0097763096340566,
    "k": 1814.98327759197,
    "theta": 0.0005597669395011,
    "T": 306.0,
    "lambda_max": 50.0,
    "matching_entries/cli": 0.880947099153337,
    "idx": 1048
}