{
    "eps_check": 0.872233269231065,
    "distortion_PLRV/C": 0.798142505762452,
    "delta": 4.77358868850424e-06,
    "C": 1.18888888888889,
    "q": 0.0097763096340566,
    "k": 2843.47826086957,
    "theta": 0.0003707499829218,
    "T": 306.0,
    "lambda_max": 150.0,
    "matching_entries/cli": 0.868189481101573
}