{
    "eps_check": 0.849556274030084,
    "distortion_PLRV/C": 0.816928751231614,
    "delta": 4.77358868850424e-06,
    "C": 1.18888888888889,
    "q": 0.0097763096340566,
    "k": 935.785953177258,
    "theta": 0.0011014438770443,
    "T": 306.0,
    "lambda_max": 150.0,
    "matching_entries/cli": 0.874568290127455,
    "idx": 1232
}