{
    "eps_check": 0.875596683097849,
    "distortion_PLRV/C": 0.799055769332358,
    "delta": 4.77358868850424e-06,
    "C": 1.18888888888889,
    "q": 0.0097763096340566,
    "k": 388.361204013378,
    "theta": 0.0027174747549109,
    "T": 306.0,
    "lambda_max": 100.0,
    "matching_entries/cli": 0.868189481101573
}