{
    "eps_check": 0.753571694188971,
    "distortion_PLRV/C": 0.906049004603344,
    "delta": 4.77358868850424e-06,
    "C": 1.18888888888889,
    "q": 0.0097763096340566,
    "k": 620.602006688963,
    "theta": 0.0014982842993924,
    "T": 306.0,
    "lambda_max": 50.0,
    "matching_entries/cli": 0.928788166847449,
    "idx": 16,
    "paired_noise_multiplier": 1.3787353515625003,
    "paired_sigma": 1.639163140190974
}