{
    "eps_check": 0.866159186998543,
    "distortion_PLRV/C": 0.812118686245794,
    "delta": 4.77358868850424e-06,
    "C": 1.18888888888889,
    "q": 0.0097763096340566,
    "k": 156.120401337793,
    "theta": 0.0066768298451323,
    "T": 306.0,
    "lambda_max": 100.0,
    "matching_entries/cli": 0.868189481101573,
    "idx": 1432
}