{
    "eps_check": 0.872851310818543,
    "distortion_PLRV/C": 0.799375424231384,
    "delta": 4.77358868850424e-06,
    "C": 1.18888888888889,
    "q": 0.0097763096340566,
    "k": 686.95652173913,
    "theta": 0.0015339505162935,
    "T": 306.0,
    "lambda_max": 200.0,
    "matching_entries/cli": 0.868189481101573
}