{
    "target_epsilon": 1.0844976221472216,
    "distortion_PLRV": 1.4057897704588098,
    "target_delta": 1.18874967309384e-05,
    "C": 1.4137931034482758,
    "sample_rate": 0.024345593304961843,
    "G_k": 145.32663316582915,
    "G_theta": 0.004928708583568248,
    "steps": 124.0,
    "??": 150.0,
    "distortion": 1.5871971509299763,
    "diff_dist": -0.28313812711809483,
    "a_G": 1,
    "distributions": [
        "Gamma"
    ],
    "gaussian_eps": 1.0746398480132013,
    "gaussian_q": 0.024345593304961843,
    "gaussian_sigma": 1.4070351758793969,
    "clip": 1.0,
    "distortion_Gaussian": 1.122651643340715
}