{
    "eps_check": 0.751853598233604,
    "distortion_PLRV/C": 0.910105518624667,
    "delta": 4.77358868850424e-06,
    "C": 1.18888888888889,
    "q": 0.0097763096340566,
    "k": 338.595317725753,
    "theta": 0.0027376036383431,
    "T": 306.0,
    "lambda_max": 200.0,
    "matching_entries/cli": 0.928788166847449,
    "idx": 0,
    "paired_noise_multiplier": 1.3787353515625003,
    "paired_sigma": 1.639163140190974
}