{
    "eps_check": 0.763457934526828,
    "distortion_PLRV/C": 0.893763341349304,
    "delta": 4.77358868850424e-06,
    "C": 1.18888888888889,
    "q": 0.0097763096340566,
    "k": 2511.70568561873,
    "theta": 0.000374835217454,
    "T": 306.0,
    "lambda_max": 150.0,
    "matching_entries/cli": 0.925598762334508,
    "idx": 153,
    "paired_noise_multiplier": 1.3625488281250002,
    "paired_sigma": 1.6199191623263907
}