{
    "eps_check": 0.77585462480021,
    "distortion_PLRV/C": 0.881434078603143,
    "delta": 4.77358868850424e-06,
    "C": 1.18888888888889,
    "q": 0.0097763096340566,
    "k": 2544.88294314381,
    "theta": 0.0003751213398232,
    "T": 306.0,
    "lambda_max": 100.0,
    "matching_entries/cli": 0.916030548795686,
    "idx": 306
}