{
    "eps_check": 0.787956741996514,
    "distortion_PLRV/C": 0.87318600766279,
    "delta": 4.77358868850424e-06,
    "C": 1.18888888888889,
    "q": 0.0097763096340566,
    "k": 421.538461538462,
    "theta": 0.0022905841034673,
    "T": 306.0,
    "lambda_max": 100.0,
    "matching_entries/cli": 0.906462335256863,
    "idx": 459,
    "paired_noise_multiplier": 1.3425537109375,
    "paired_sigma": 1.5961471896701405
}