{
    "eps_check": 0.799213690144103,
    "distortion_PLRV/C": 0.859771475763077,
    "delta": 4.77358868850424e-06,
    "C": 1.18888888888889,
    "q": 0.0097763096340566,
    "k": 1499.79933110368,
    "theta": 0.000652727948209,
    "T": 306.0,
    "lambda_max": 100.0,
    "matching_entries/cli": 0.900083526230982,
    "idx": 612,
    "paired_noise_multiplier": 1.3387451171875,
    "paired_sigma": 1.5916191948784737
}