{
    "eps_check": 0.812144484471088,
    "distortion_PLRV/C": 0.862058040910301,
    "delta": 4.77358868850424e-06,
    "C": 1.18888888888889,
    "q": 0.0097763096340566,
    "k": 106.354515050167,
    "theta": 0.0092612385798994,
    "T": 306.0,
    "lambda_max": 50.0,
    "matching_entries/cli": 0.896894121718041,
    "idx": 765
}