{
    "eps_check": 0.824691579286655,
    "distortion_PLRV/C": 0.836568364968182,
    "delta": 4.77358868850424e-06,
    "C": 1.18888888888889,
    "q": 0.0097763096340566,
    "k": 3589.96655518395,
    "theta": 0.0002801482299939,
    "T": 306.0,
    "lambda_max": 100.0,
    "matching_entries/cli": 0.890515312692159,
    "idx": 918
}