{
    "eps_check": 0.836636939839676,
    "distortion_PLRV/C": 0.828835026708663,
    "delta": 4.77358868850424e-06,
    "C": 1.18888888888889,
    "q": 0.0097763096340566,
    "k": 554.247491638796,
    "theta": 0.0018343034464175,
    "T": 306.0,
    "lambda_max": 100.0,
    "matching_entries/cli": 0.880947099153337,
    "idx": 1071,
    "paired_noise_multiplier": 1.3035156250000002,
    "paired_sigma": 1.549735243055557
}