{
    "eps_check": 0.849046519952493,
    "distortion_PLRV/C": 0.818000075888286,
    "delta": 4.77358868850424e-06,
    "C": 1.18888888888889,
    "q": 0.0097763096340566,
    "k": 670.367892976589,
    "theta": 0.0015361743550921,
    "T": 306.0,
    "lambda_max": 200.0,
    "matching_entries/cli": 0.874568290127455,
    "idx": 1224
}