{
    "target_epsilon": 0.7941216704134819,
    "distortion_PLRV": 2.0341208342734785,
    "target_delta": 1.18874967309384e-05,
    "C": 1.5517241379310345,
    "sample_rate": 0.024345593304961843,
    "G_k": 115.42713567839196,
    "G_theta": 0.004296296296296296,
    "steps": 124.0,
    "??": 150.0,
    "distortion": 2.0966763757711755,
    "diff_dist": -0.6829293921098321,
    "a_G": 1,
    "distributions": [
        "Gamma"
    ],
    "gaussian_eps": 0.7849636464344839,
    "gaussian_q": 0.024345593304961843,
    "gaussian_sigma": 1.693467336683417,
    "clip": 1.0,
    "distortion_Gaussian": 1.3511914421636464
}