{
    "eps_check": 0.861675653430862,
    "distortion_PLRV/C": 0.806061528270054,
    "delta": 4.77358868850424e-06,
    "C": 1.18888888888889,
    "q": 0.0097763096340566,
    "k": 3739.26421404682,
    "theta": 0.0002791390170253,
    "T": 306.0,
    "lambda_max": 100.0,
    "matching_entries/cli": 0.871378885614514,
    "idx": 1377,
    "paired_noise_multiplier": 1.29208984375,
    "paired_sigma": 1.5361512586805568
}