{
    "eps_check": 0.878406372899,
    "distortion_PLRV/C": 0.803967988809371,
    "delta": 4.77358868850424e-06,
    "C": 1.18888888888889,
    "q": 0.0097763096340566,
    "k": 139.531772575251,
    "theta": 0.0075521495863865,
    "T": 306.0,
    "lambda_max": 100.0,
    "matching_entries/cli": 0.865000076588633,
    "idx": 1530,
    "paired_noise_multiplier": 1.2720947265625,
    "paired_sigma": 1.512379286024307
}