{
    "eps_check": 0.460737442107154,
    "distortion_PLRV/C": 0.805219374608869,
    "delta": 1.27322684064038e-06,
    "C": 1.18888888888889,
    "q": 0.0026075685696315,
    "k": 73.1772575250836,
    "theta": 0.0144725193638659,
    "T": 1150.0,
    "lambda_max": 50.0,
    "matching_entries/cli": 0.989386852593324,
    "dist_to_fix_eps": 0.04955626020332993,
    "idx_P": 1537,
    "a_G": 1,
    "distributions": [
        "Gamma"
    ],
    "gaussian_eps": 2.45044373979667,
    "gaussian_q": 0.0026075685696315,
    "gaussian_sigma": 0.732866433216608,
    "clip": 0.1,
    "gaussian_dist/clip": 0.584742812194196,
    "diff_distortion": -0.22047656241467306
}