{
    "eps_check": 0.460737442107154,
    "distortion_PLRV/C": 0.805219374608869,
    "delta": 1.27322684064038e-06,
    "C": 1.18888888888889,
    "q": 0.0026075685696315,
    "k": 73.1772575250836,
    "theta": 0.0144725193638659,
    "T": 1150.0,
    "lambda_max": 50.0,
    "matching_entries/cli": 0.989386852593324,
    "dist_to_fix_eps": 0.021523668467951063,
    "a_G": 1,
    "distributions": [
        "Gamma"
    ],
    "gaussian_eps": 0.878476331532049,
    "gaussian_q": 0.0026075685696315,
    "gaussian_sigma": 1.09879939969985,
    "clip": 0.1,
    "gaussian_dist/clip": 0.876715076439967,
    "diff_distortion": 0.07149570183109799
}