{
    "eps_check": 0.452826510441105,
    "distortion_PLRV/C": 0.798387076145332,
    "delta": 1.27322684064038e-06,
    "C": 1.18888888888889,
    "q": 0.0026075685696315,
    "k": 1267.55852842809,
    "theta": 0.0008318020185515,
    "T": 1150.0,
    "lambda_max": 100.0,
    "matching_entries/cli": 0.998955066132147
}