{
    "eps_check": 0.399948752805834,
    "distortion_PLRV/C": 0.890144998208151,
    "delta": 1.27322684064038e-06,
    "C": 1.18888888888889,
    "q": 0.0026075685696315,
    "k": 1682.27424749164,
    "theta": 0.000562029892779,
    "T": 1150.0,
    "lambda_max": 100.0,
    "matching_entries/cli": 1.05955375187802,
    "dist_to_fix_eps": 0.0035705709058700408,
    "a_G": 1,
    "distributions": [
        "Gamma"
    ],
    "gaussian_eps": 0.39642942909413,
    "gaussian_q": 0.0026075685696315,
    "gaussian_sigma": 1.57403701850925,
    "clip": 0.1,
    "gaussian_dist/clip": 1.25589983520071,
    "diff_distortion": 0.36575483699255906
}