{
    "eps_check": 0.399843861246619,
    "distortion_PLRV/C": 0.890951723833077,
    "delta": 1.27322684064038e-06,
    "C": 1.18888888888889,
    "q": 0.0026075685696315,
    "k": 1018.72909698997,
    "theta": 0.0009276248365593,
    "T": 1150.0,
    "lambda_max": 150.0,
    "matching_entries/cli": 1.05955375187802,
    "idx": 203
}