{
    "eps_check": 0.453541787522745,
    "distortion_PLRV/C": 0.797930880818806,
    "delta": 1.27322684064038e-06,
    "C": 1.18888888888889,
    "q": 0.0026075685696315,
    "k": 819.665551839465,
    "theta": 0.0012876177128219,
    "T": 1150.0,
    "lambda_max": 100.0,
    "matching_entries/cli": 0.998955066132147
}