{
    "eps_check": 0.448449551724845,
    "distortion_PLRV/C": 0.813317569401359,
    "delta": 1.27322684064038e-06,
    "C": 1.18888888888889,
    "q": 0.0026075685696315,
    "k": 156.120401337793,
    "theta": 0.0066669877623653,
    "T": 1150.0,
    "lambda_max": 50.0,
    "matching_entries/cli": 1.00214447064509,
    "idx": 1405,
    "paired_noise_multiplier": 1.49013671875,
    "paired_sigma": 1.771606987847224
}