{
    "eps_check": 0.456433717753238,
    "distortion_PLRV/C": 0.798793978546166,
    "delta": 1.27322684064038e-06,
    "C": 1.18888888888889,
    "q": 0.0026075685696315,
    "k": 205.886287625418,
    "theta": 0.0051393838550094,
    "T": 1150.0,
    "lambda_max": 150.0,
    "matching_entries/cli": 0.998955066132147
}