{
    "eps_check": 0.455129761201077,
    "distortion_PLRV/C": 0.798762860204189,
    "delta": 1.27322684064038e-06,
    "C": 1.18888888888889,
    "q": 0.0026075685696315,
    "k": 288.829431438127,
    "theta": 0.003658521979536,
    "T": 1150.0,
    "lambda_max": 50.0,
    "matching_entries/cli": 0.998955066132147
}