{
    "eps_check": 0.450131823222002,
    "distortion_PLRV/C": 0.801741363132451,
    "delta": 1.27322684064038e-06,
    "C": 1.18888888888889,
    "q": 0.0026075685696315,
    "k": 3772.44147157191,
    "theta": 0.000278174341897,
    "T": 1150.0,
    "lambda_max": 200.0,
    "matching_entries/cli": 1.00214447064509,
    "idx": 1451,
    "paired_noise_multiplier": 1.480615234375,
    "paired_sigma": 1.7602870008680573
}