{
    "eps_check": 0.453073275627583,
    "distortion_PLRV/C": 0.799335393990041,
    "delta": 1.27322684064038e-06,
    "C": 1.18888888888889,
    "q": 0.0026075685696315,
    "k": 587.42474916388,
    "theta": 0.0017943923016506,
    "T": 1150.0,
    "lambda_max": 200.0,
    "matching_entries/cli": 0.998955066132147
}