{
    "eps_check": 0.392960789017883,
    "distortion_PLRV/C": 0.907176894573751,
    "delta": 1.27322684064038e-06,
    "C": 1.18888888888889,
    "q": 0.0026075685696315,
    "k": 404.94983277592,
    "theta": 0.0022952992706698,
    "T": 1150.0,
    "lambda_max": 150.0,
    "matching_entries/cli": 1.07231136992979,
    "idx": 18,
    "paired_noise_multiplier": 1.5767822265625,
    "paired_sigma": 1.8746188693576407
}