{
    "eps_check": 0.429565556210376,
    "distortion_PLRV/C": 0.835380909676376,
    "delta": 1.27322684064038e-06,
    "C": 1.18888888888889,
    "q": 0.0026075685696315,
    "k": 2412.17391304348,
    "theta": 0.0004175857297756,
    "T": 1150.0,
    "lambda_max": 200.0,
    "matching_entries/cli": 1.02128089772273,
    "idx": 942,
    "paired_noise_multiplier": 1.5187011718749999,
    "paired_sigma": 1.8055669487847237
}