{
    "eps_check": 0.45771440836311,
    "distortion_PLRV/C": 0.798208405900787,
    "delta": 1.27322684064038e-06,
    "C": 1.18888888888889,
    "q": 0.0026075685696315,
    "k": 172.709030100334,
    "theta": 0.006136903575974,
    "T": 1150.0,
    "lambda_max": 50.0,
    "matching_entries/cli": 0.998955066132147
}