{
    "eps_check": 0.443383164043043,
    "distortion_PLRV/C": 0.832245812218812,
    "delta": 1.27322684064038e-06,
    "C": 1.18888888888889,
    "q": 0.0026075685696315,
    "k": 73.1772575250836,
    "theta": 0.0140025372553307,
    "T": 1150.0,
    "lambda_max": 50.0,
    "matching_entries/cli": 1.00852327967097,
    "idx": 1284,
    "paired_noise_multiplier": 1.492041015625,
    "paired_sigma": 1.7738709852430572
}