{
    "eps_check": 0.433838207406515,
    "distortion_PLRV/C": 0.828358260914322,
    "delta": 1.27322684064038e-06,
    "C": 1.18888888888889,
    "q": 0.0026075685696315,
    "k": 1814.98327759197,
    "theta": 0.0005597669395011,
    "T": 1150.0,
    "lambda_max": 50.0,
    "matching_entries/cli": 1.01809149320979,
    "idx": 1050,
    "paired_noise_multiplier": 1.5025146484374998,
    "paired_sigma": 1.7863229709201403
}