{
    "eps_check": 0.441274988049238,
    "distortion_PLRV/C": 0.816928751231614,
    "delta": 1.27322684064038e-06,
    "C": 1.18888888888889,
    "q": 0.0026075685696315,
    "k": 935.785953177258,
    "theta": 0.0011014438770443,
    "T": 1150.0,
    "lambda_max": 150.0,
    "matching_entries/cli": 1.01490208869685,
    "idx": 1235
}