{
    "eps_check": 0.452570763432821,
    "distortion_PLRV/C": 0.798142505762452,
    "delta": 1.27322684064038e-06,
    "C": 1.18888888888889,
    "q": 0.0026075685696315,
    "k": 2843.47826086957,
    "theta": 0.0003707499829218,
    "T": 1150.0,
    "lambda_max": 150.0,
    "matching_entries/cli": 0.998955066132147
}