{
    "eps_check": 0.454098154646503,
    "distortion_PLRV/C": 0.799055769332358,
    "delta": 1.27322684064038e-06,
    "C": 1.18888888888889,
    "q": 0.0026075685696315,
    "k": 388.361204013378,
    "theta": 0.0027174747549109,
    "T": 1150.0,
    "lambda_max": 100.0,
    "matching_entries/cli": 0.998955066132147
}