{
    "eps_check": 0.392854627207689,
    "distortion_PLRV/C": 0.906049004603344,
    "delta": 1.27322684064038e-06,
    "C": 1.18888888888889,
    "q": 0.0026075685696315,
    "k": 620.602006688963,
    "theta": 0.0014982842993924,
    "T": 1150.0,
    "lambda_max": 50.0,
    "matching_entries/cli": 1.07231136992979,
    "idx": 16,
    "paired_noise_multiplier": 1.5767822265625,
    "paired_sigma": 1.8746188693576407
}