{
    "eps_check": 0.452810662443619,
    "distortion_PLRV/C": 0.799375424231384,
    "delta": 1.27322684064038e-06,
    "C": 1.18888888888889,
    "q": 0.0026075685696315,
    "k": 686.95652173913,
    "theta": 0.0015339505162935,
    "T": 1150.0,
    "lambda_max": 200.0,
    "matching_entries/cli": 0.998955066132147
}