{
    "eps_check": 0.44921662191781,
    "distortion_PLRV/C": 0.812118686245794,
    "delta": 1.27322684064038e-06,
    "C": 1.18888888888889,
    "q": 0.0026075685696315,
    "k": 156.120401337793,
    "theta": 0.0066768298451323,
    "T": 1150.0,
    "lambda_max": 100.0,
    "matching_entries/cli": 1.00214447064509,
    "idx": 1429
}