{
    "eps_check": 0.391921690146959,
    "distortion_PLRV/C": 0.910105518624667,
    "delta": 1.27322684064038e-06,
    "C": 1.18888888888889,
    "q": 0.0026075685696315,
    "k": 338.595317725753,
    "theta": 0.0027376036383431,
    "T": 1150.0,
    "lambda_max": 200.0,
    "matching_entries/cli": 1.07231136992979,
    "idx": 0
}