{
    "eps_check": 0.39790232360977,
    "distortion_PLRV/C": 0.904494479794856,
    "delta": 1.27322684064038e-06,
    "C": 1.18888888888889,
    "q": 0.0026075685696315,
    "k": 139.531772575251,
    "theta": 0.0067127955446802,
    "T": 1150.0,
    "lambda_max": 50.0,
    "matching_entries/cli": 1.06274315639096,
    "idx": 153
}