{
    "eps_check": 0.404014518232018,
    "distortion_PLRV/C": 0.89384695775916,
    "delta": 1.27322684064038e-06,
    "C": 1.18888888888889,
    "q": 0.0026075685696315,
    "k": 122.943143812709,
    "theta": 0.0077168165864022,
    "T": 1150.0,
    "lambda_max": 100.0,
    "matching_entries/cli": 1.05636434736508,
    "idx": 306
}