{
    "eps_check": 0.410124705135748,
    "distortion_PLRV/C": 0.870111581978811,
    "delta": 1.27322684064038e-06,
    "C": 1.18888888888889,
    "q": 0.0026075685696315,
    "k": 2959.59866220736,
    "theta": 0.000326736554988,
    "T": 1150.0,
    "lambda_max": 200.0,
    "matching_entries/cli": 1.05317494285214,
    "idx": 459,
    "paired_noise_multiplier": 1.5482177734375,
    "paired_sigma": 1.8406589084201406
}