{
    "eps_check": 0.41590142728163,
    "distortion_PLRV/C": 0.859424329576047,
    "delta": 1.27322684064038e-06,
    "C": 1.18888888888889,
    "q": 0.0026075685696315,
    "k": 2611.23745819398,
    "theta": 0.0003749480247094,
    "T": 1150.0,
    "lambda_max": 50.0,
    "matching_entries/cli": 1.04041732480038,
    "idx": 612
}