{
    "eps_check": 0.422416425265964,
    "distortion_PLRV/C": 0.859473708249523,
    "delta": 1.27322684064038e-06,
    "C": 1.18888888888889,
    "q": 0.0026075685696315,
    "k": 122.943143812709,
    "theta": 0.0080254380827883,
    "T": 1150.0,
    "lambda_max": 100.0,
    "matching_entries/cli": 1.03722792028744,
    "idx": 765
}