{
    "eps_check": 0.428746307512778,
    "distortion_PLRV/C": 0.836568364968182,
    "delta": 1.27322684064038e-06,
    "C": 1.18888888888889,
    "q": 0.0026075685696315,
    "k": 3589.96655518395,
    "theta": 0.0002801482299939,
    "T": 1150.0,
    "lambda_max": 100.0,
    "matching_entries/cli": 1.02447030223567,
    "idx": 918
}