{
    "eps_check": 0.434676678501763,
    "distortion_PLRV/C": 0.832799707862419,
    "delta": 1.27322684064038e-06,
    "C": 1.18888888888889,
    "q": 0.0026075685696315,
    "k": 222.47491638796,
    "theta": 0.0045603021785067,
    "T": 1150.0,
    "lambda_max": 150.0,
    "matching_entries/cli": 1.01809149320979,
    "idx": 1071
}