{
    "eps_check": 0.440993355942297,
    "distortion_PLRV/C": 0.818000075888286,
    "delta": 1.27322684064038e-06,
    "C": 1.18888888888889,
    "q": 0.0026075685696315,
    "k": 670.367892976589,
    "theta": 0.0015361743550921,
    "T": 1150.0,
    "lambda_max": 200.0,
    "matching_entries/cli": 1.01809149320979,
    "idx": 1224,
    "paired_noise_multiplier": 1.4929931640624998,
    "paired_sigma": 1.7750029839409736
}