{
    "eps_check": 0.447341120463273,
    "distortion_PLRV/C": 0.80797619364248,
    "delta": 1.27322684064038e-06,
    "C": 1.18888888888889,
    "q": 0.0026075685696315,
    "k": 637.190635451505,
    "theta": 0.0016363375435408,
    "T": 1150.0,
    "lambda_max": 150.0,
    "matching_entries/cli": 1.00214447064509,
    "idx": 1377,
    "paired_noise_multiplier": 1.49013671875,
    "paired_sigma": 1.771606987847224
}