{
    "eps_check": 0.455209280279565,
    "distortion_PLRV/C": 0.802022686079168,
    "delta": 1.27322684064038e-06,
    "C": 1.18888888888889,
    "q": 0.0026075685696315,
    "k": 172.709030100334,
    "theta": 0.0061077175316478,
    "T": 1150.0,
    "lambda_max": 100.0,
    "matching_entries/cli": 0.998955066132147,
    "idx": 1530,
    "paired_noise_multiplier": 1.4682373046875,
    "paired_sigma": 1.7455710177951405
}