{
    "eps_check": 0.478335091252242,
    "distortion_PLRV/C": 0.805219374608869,
    "delta": 1.37420399233744e-06,
    "C": 1.18888888888889,
    "q": 0.002814369776307,
    "k": 73.1772575250836,
    "theta": 0.0144725193638659,
    "T": 1065.0,
    "lambda_max": 50.0,
    "matching_entries/cli": 0.986197448080384,
    "dist_to_fix_eps": 0.13038441100636966,
    "idx_P": 1537,
    "a_G": 1,
    "distributions": [
        "Gamma"
    ],
    "gaussian_eps": 4.86961558899363,
    "gaussian_q": 0.002814369776307,
    "gaussian_sigma": 0.590295147573787,
    "clip": 0.1,
    "gaussian_dist/clip": 0.470987384565974,
    "diff_distortion": -0.33423199004289506
}