{
    "eps_check": 0.478335091252242,
    "distortion_PLRV/C": 0.805219374608869,
    "delta": 1.37420399233744e-06,
    "C": 1.18888888888889,
    "q": 0.002814369776307,
    "k": 73.1772575250836,
    "theta": 0.0144725193638659,
    "T": 1065.0,
    "lambda_max": 50.0,
    "matching_entries/cli": 0.986197448080384,
    "dist_to_fix_eps": 0.000481287827430954,
    "idx_P": 1537,
    "a_G": 1,
    "distributions": [
        "Gamma"
    ],
    "gaussian_eps": 0.999518712172569,
    "gaussian_q": 0.002814369776307,
    "gaussian_sigma": 1.04652326163082,
    "clip": 0.1,
    "gaussian_dist/clip": 0.835004752976285,
    "diff_distortion": 0.029785378367415904
}