{
    "eps_check": 0.478335091252242,
    "distortion_PLRV/C": 0.805219374608869,
    "delta": 1.37420399233744e-06,
    "C": 1.18888888888889,
    "q": 0.002814369776307,
    "k": 73.1772575250836,
    "theta": 0.0144725193638659,
    "T": 1065.0,
    "lambda_max": 50.0,
    "matching_entries/cli": 0.986197448080384,
    "dist_to_fix_eps": 0.009836482941603997,
    "idx_P": 1537,
    "a_G": 1,
    "distributions": [
        "Gamma"
    ],
    "gaussian_eps": 0.790163517058396,
    "gaussian_q": 0.002814369776307,
    "gaussian_sigma": 1.15107553776888,
    "clip": 0.1,
    "gaussian_dist/clip": 0.918425399903649,
    "diff_distortion": 0.11320602529477997,
    "paired_noise_multiplier": 1.446337890625,
    "paired_sigma": 1.719535047743057
}