{
    "eps_check": 0.470037163331972,
    "distortion_PLRV/C": 0.798387076145332,
    "delta": 1.37420399233744e-06,
    "C": 1.18888888888889,
    "q": 0.002814369776307,
    "k": 1267.55852842809,
    "theta": 0.0008318020185515,
    "T": 1065.0,
    "lambda_max": 100.0,
    "matching_entries/cli": 0.986197448080384
}