{
    "eps_check": 0.414443487214859,
    "distortion_PLRV/C": 0.890831975234689,
    "delta": 1.37420399233744e-06,
    "C": 1.18888888888889,
    "q": 0.002814369776307,
    "k": 3772.44147157191,
    "theta": 0.0002503545924047,
    "T": 1065.0,
    "lambda_max": 150.0,
    "matching_entries/cli": 1.0499855383392,
    "idx": 188,
    "paired_noise_multiplier": 1.556787109375,
    "paired_sigma": 1.8508468967013907
}