{
    "eps_check": 0.47077493766641,
    "distortion_PLRV/C": 0.797930880818806,
    "delta": 1.37420399233744e-06,
    "C": 1.18888888888889,
    "q": 0.002814369776307,
    "k": 819.665551839465,
    "theta": 0.0012876177128219,
    "T": 1065.0,
    "lambda_max": 100.0,
    "matching_entries/cli": 0.986197448080384
}