{
    "eps_check": 0.465538509231052,
    "distortion_PLRV/C": 0.813317569401359,
    "delta": 1.37420399233744e-06,
    "C": 1.18888888888889,
    "q": 0.002814369776307,
    "k": 156.120401337793,
    "theta": 0.0066669877623653,
    "T": 1065.0,
    "lambda_max": 50.0,
    "matching_entries/cli": 0.989386852593324,
    "idx": 1406
}