{
    "eps_check": 0.473826063974856,
    "distortion_PLRV/C": 0.798793978546166,
    "delta": 1.37420399233744e-06,
    "C": 1.18888888888889,
    "q": 0.002814369776307,
    "k": 205.886287625418,
    "theta": 0.0051393838550094,
    "T": 1065.0,
    "lambda_max": 150.0,
    "matching_entries/cli": 0.986197448080384
}