{
    "eps_check": 0.411598927464595,
    "distortion_PLRV/C": 0.907158242004967,
    "delta": 1.37420399233744e-06,
    "C": 1.18888888888889,
    "q": 0.002814369776307,
    "k": 139.531772575251,
    "theta": 0.0066930842195021,
    "T": 1065.0,
    "lambda_max": 100.0,
    "matching_entries/cli": 1.05636434736508,
    "idx": 111
}