{
    "eps_check": 0.467259974976934,
    "distortion_PLRV/C": 0.801741363132451,
    "delta": 1.37420399233744e-06,
    "C": 1.18888888888889,
    "q": 0.002814369776307,
    "k": 3772.44147157191,
    "theta": 0.000278174341897,
    "T": 1065.0,
    "lambda_max": 200.0,
    "matching_entries/cli": 0.989386852593324,
    "idx": 1451,
    "paired_noise_multiplier": 1.47109375,
    "paired_sigma": 1.7489670138888906
}