{
    "eps_check": 0.472440064783947,
    "distortion_PLRV/C": 0.798762860204189,
    "delta": 1.37420399233744e-06,
    "C": 1.18888888888889,
    "q": 0.002814369776307,
    "k": 288.829431438127,
    "theta": 0.003658521979536,
    "T": 1065.0,
    "lambda_max": 50.0,
    "matching_entries/cli": 0.986197448080384
}