{
    "eps_check": 0.470293186833931,
    "distortion_PLRV/C": 0.799335393990041,
    "delta": 1.37420399233744e-06,
    "C": 1.18888888888889,
    "q": 0.002814369776307,
    "k": 587.42474916388,
    "theta": 0.0017943923016506,
    "T": 1065.0,
    "lambda_max": 200.0,
    "matching_entries/cli": 0.986197448080384
}