{
    "eps_check": 0.47518572651811,
    "distortion_PLRV/C": 0.798208405900787,
    "delta": 1.37420399233744e-06,
    "C": 1.18888888888889,
    "q": 0.002814369776307,
    "k": 172.709030100334,
    "theta": 0.006136903575974,
    "T": 1065.0,
    "lambda_max": 50.0,
    "matching_entries/cli": 0.986197448080384
}