{
    "eps_check": 0.445858550532274,
    "distortion_PLRV/C": 0.835380909676376,
    "delta": 1.37420399233744e-06,
    "C": 1.18888888888889,
    "q": 0.002814369776307,
    "k": 2412.17391304348,
    "theta": 0.0004175857297756,
    "T": 1065.0,
    "lambda_max": 200.0,
    "matching_entries/cli": 1.01171268418391,
    "idx": 942,
    "paired_noise_multiplier": 1.5015625,
    "paired_sigma": 1.7851909722222237
}