{
    "eps_check": 0.450338422228755,
    "distortion_PLRV/C": 0.828358260914322,
    "delta": 1.37420399233744e-06,
    "C": 1.18888888888889,
    "q": 0.002814369776307,
    "k": 1814.98327759197,
    "theta": 0.0005597669395011,
    "T": 1065.0,
    "lambda_max": 50.0,
    "matching_entries/cli": 1.00852327967097,
    "idx": 1050
}