{
    "eps_check": 0.460273899065512,
    "distortion_PLRV/C": 0.832245812218812,
    "delta": 1.37420399233744e-06,
    "C": 1.18888888888889,
    "q": 0.002814369776307,
    "k": 73.1772575250836,
    "theta": 0.0140025372553307,
    "T": 1065.0,
    "lambda_max": 50.0,
    "matching_entries/cli": 0.998955066132147,
    "idx": 1285
}