{
    "eps_check": 0.469772827195607,
    "distortion_PLRV/C": 0.798142505762452,
    "delta": 1.37420399233744e-06,
    "C": 1.18888888888889,
    "q": 0.002814369776307,
    "k": 2843.47826086957,
    "theta": 0.0003707499829218,
    "T": 1065.0,
    "lambda_max": 150.0,
    "matching_entries/cli": 0.989386852593324
}