{
    "eps_check": 0.471350843849943,
    "distortion_PLRV/C": 0.799055769332358,
    "delta": 1.37420399233744e-06,
    "C": 1.18888888888889,
    "q": 0.002814369776307,
    "k": 388.361204013378,
    "theta": 0.0027174747549109,
    "T": 1065.0,
    "lambda_max": 100.0,
    "matching_entries/cli": 0.986197448080384
}