{
    "eps_check": 0.458027510462756,
    "distortion_PLRV/C": 0.816928751231614,
    "delta": 1.37420399233744e-06,
    "C": 1.18888888888889,
    "q": 0.002814369776307,
    "k": 935.785953177258,
    "theta": 0.0011014438770443,
    "T": 1065.0,
    "lambda_max": 150.0,
    "matching_entries/cli": 1.00533387515803,
    "idx": 1234,
    "paired_noise_multiplier": 1.4758544921875,
    "paired_sigma": 1.754627007378474
}