{
    "eps_check": 0.407165032619561,
    "distortion_PLRV/C": 0.906010491412436,
    "delta": 1.37420399233744e-06,
    "C": 1.18888888888889,
    "q": 0.002814369776307,
    "k": 1151.4381270903,
    "theta": 0.000806979010011,
    "T": 1065.0,
    "lambda_max": 150.0,
    "matching_entries/cli": 1.06274315639096,
    "idx": 3,
    "paired_noise_multiplier": 1.5615478515625,
    "paired_sigma": 1.856506890190974
}