{
    "eps_check": 0.470022138271118,
    "distortion_PLRV/C": 0.799375424231384,
    "delta": 1.37420399233744e-06,
    "C": 1.18888888888889,
    "q": 0.002814369776307,
    "k": 686.95652173913,
    "theta": 0.0015339505162935,
    "T": 1065.0,
    "lambda_max": 200.0,
    "matching_entries/cli": 0.986197448080384
}