{
    "eps_check": 0.406757373472936,
    "distortion_PLRV/C": 0.910105518624667,
    "delta": 1.37420399233744e-06,
    "C": 1.18888888888889,
    "q": 0.002814369776307,
    "k": 338.595317725753,
    "theta": 0.0027376036383431,
    "T": 1065.0,
    "lambda_max": 200.0,
    "matching_entries/cli": 1.06274315639096,
    "idx": 0
}