{
    "eps_check": 0.41296688700819,
    "distortion_PLRV/C": 0.904494479794856,
    "delta": 1.37420399233744e-06,
    "C": 1.18888888888889,
    "q": 0.002814369776307,
    "k": 139.531772575251,
    "theta": 0.0067127955446802,
    "T": 1065.0,
    "lambda_max": 50.0,
    "matching_entries/cli": 1.0499855383392,
    "idx": 153
}