{
    "eps_check": 0.419336897943993,
    "distortion_PLRV/C": 0.89384695775916,
    "delta": 1.37420399233744e-06,
    "C": 1.18888888888889,
    "q": 0.002814369776307,
    "k": 122.943143812709,
    "theta": 0.0077168165864022,
    "T": 1065.0,
    "lambda_max": 100.0,
    "matching_entries/cli": 1.04360672931332,
    "idx": 306
}