{
    "eps_check": 0.425646572073392,
    "distortion_PLRV/C": 0.870111581978811,
    "delta": 1.37420399233744e-06,
    "C": 1.18888888888889,
    "q": 0.002814369776307,
    "k": 2959.59866220736,
    "theta": 0.000326736554988,
    "T": 1065.0,
    "lambda_max": 200.0,
    "matching_entries/cli": 1.04360672931332,
    "idx": 459
}