{
    "eps_check": 0.431672808262297,
    "distortion_PLRV/C": 0.859424329576047,
    "delta": 1.37420399233744e-06,
    "C": 1.18888888888889,
    "q": 0.002814369776307,
    "k": 2611.23745819398,
    "theta": 0.0003749480247094,
    "T": 1065.0,
    "lambda_max": 50.0,
    "matching_entries/cli": 1.02765970674861,
    "idx": 612,
    "paired_noise_multiplier": 1.52822265625,
    "paired_sigma": 1.8168869357638906
}