{
    "eps_check": 0.438483636493716,
    "distortion_PLRV/C": 0.859473708249523,
    "delta": 1.37420399233744e-06,
    "C": 1.18888888888889,
    "q": 0.002814369776307,
    "k": 122.943143812709,
    "theta": 0.0080254380827883,
    "T": 1065.0,
    "lambda_max": 100.0,
    "matching_entries/cli": 1.02447030223567,
    "idx": 765,
    "paired_noise_multiplier": 1.5063232421875,
    "paired_sigma": 1.790850965711807
}