{
    "eps_check": 0.445012245444027,
    "distortion_PLRV/C": 0.836568364968182,
    "delta": 1.37420399233744e-06,
    "C": 1.18888888888889,
    "q": 0.002814369776307,
    "k": 3589.96655518395,
    "theta": 0.0002801482299939,
    "T": 1065.0,
    "lambda_max": 100.0,
    "matching_entries/cli": 1.01171268418391,
    "idx": 918
}