{
    "eps_check": 0.451227652208356,
    "distortion_PLRV/C": 0.832799707862419,
    "delta": 1.37420399233744e-06,
    "C": 1.18888888888889,
    "q": 0.002814369776307,
    "k": 222.47491638796,
    "theta": 0.0045603021785067,
    "T": 1065.0,
    "lambda_max": 150.0,
    "matching_entries/cli": 1.00852327967097,
    "idx": 1071
}