{
    "eps_check": 0.457737815562059,
    "distortion_PLRV/C": 0.818000075888286,
    "delta": 1.37420399233744e-06,
    "C": 1.18888888888889,
    "q": 0.002814369776307,
    "k": 670.367892976589,
    "theta": 0.0015361743550921,
    "T": 1065.0,
    "lambda_max": 200.0,
    "matching_entries/cli": 1.00533387515803,
    "idx": 1224,
    "paired_noise_multiplier": 1.4758544921875,
    "paired_sigma": 1.754627007378474
}