{
    "eps_check": 0.464387392609253,
    "distortion_PLRV/C": 0.80797619364248,
    "delta": 1.37420399233744e-06,
    "C": 1.18888888888889,
    "q": 0.002814369776307,
    "k": 637.190635451505,
    "theta": 0.0016363375435408,
    "T": 1065.0,
    "lambda_max": 150.0,
    "matching_entries/cli": 0.992576257106265,
    "idx": 1377
}