{
    "eps_check": 0.472533709138979,
    "distortion_PLRV/C": 0.802022686079168,
    "delta": 1.37420399233744e-06,
    "C": 1.18888888888889,
    "q": 0.002814369776307,
    "k": 172.709030100334,
    "theta": 0.0061077175316478,
    "T": 1065.0,
    "lambda_max": 100.0,
    "matching_entries/cli": 0.986197448080384,
    "idx": 1530,
    "paired_noise_multiplier": 1.4530029296875,
    "paired_sigma": 1.7274590386284738
}