{
    "target_epsilon": 0.6376489082305298,
    "distortion_PLRV": 3.8638633085543113,
    "target_delta": 7.4240152043831385e-06,
    "C": 3.0,
    "sample_rate": 0.015204383138576668,
    "G_k": 148.89447236180905,
    "G_theta": 0.0017499526738084718,
    "steps": 197.0,
    "diff_dist": 0.8206754610700151,
    "a_G": 1,
    "distributions": [
        "Gamma"
    ],
    "epsilon": 1.0469346874705938,
    "distortion_Gaussian": 3.043187847484296,
    "sigma": 3.8140703517587946
}