{
    "target_epsilon": 1.4631236746718437,
    "distortion_PLRV": 1.0262709770528187,
    "target_delta": 1.18874967309384e-05,
    "C": 1.2758620689655173,
    "sample_rate": 0.024345593304961843,
    "G_k": 41.959798994974875,
    "G_theta": 0.02378921635203042,
    "steps": 124.0,
    "??": 50.0,
    "distortion": 1.2379584746887642,
    "dist_to_fix_eps": 0.12092803831100829,
    "a_G": 1,
    "distributions": [
        "Gamma"
    ],
    "gaussian_eps": 2.3790719616889917,
    "gaussian_q": 0.024345593304961843,
    "gaussian_sigma": 0.9773869346733668,
    "clip": 5.0,
    "distortion_Gaussian": 3.899209725531591,
    "diff_distortion": 2.8729387484787727,
    "paired_noise_multiplier": 1.2073486328124998,
    "paired_sigma": 1.5404103246228447
}