{
    "target_epsilon": 1.4631236746718437,
    "distortion_PLRV": 1.0262709770528187,
    "target_delta": 1.18874967309384e-05,
    "C": 1.2758620689655173,
    "sample_rate": 0.024345593304961843,
    "G_k": 41.959798994974875,
    "G_theta": 0.02378921635203042,
    "steps": 124.0,
    "??": 50.0,
    "distortion": 1.2379584746887642,
    "dist_to_fix_eps": 0.177004358210745,
    "a_G": 1,
    "distributions": [
        "Gamma"
    ],
    "gaussian_eps": 1.722995641789255,
    "gaussian_q": 0.024345593304961843,
    "gaussian_sigma": 1.120603015075377,
    "clip": 5.0,
    "distortion_Gaussian": 4.4705592225889195,
    "diff_distortion": 3.444288245536101
}