{
    "target_epsilon": 1.0846343796706694,
    "distortion_PLRV": 1.4060804498457031,
    "target_delta": 1.18874967309384e-05,
    "C": 1.4137931034482758,
    "sample_rate": 0.024345593304961843,
    "G_k": 141.90954773869345,
    "G_theta": 0.005047187155288639,
    "steps": 124.0,
    "??": 150.0,
    "distortion": 1.5871971509299763,
    "dist_to_fix_eps": 0.02536015198679875,
    "a_G": 1,
    "distributions": [
        "Gamma"
    ],
    "gaussian_eps": 1.0746398480132013,
    "gaussian_q": 0.024345593304961843,
    "gaussian_sigma": 1.4070351758793969,
    "clip": 5.0,
    "distortion_Gaussian": 5.613258216703575,
    "diff_distortion": 4.207177766857872,
    "paired_noise_multiplier": 1.400634765625,
    "paired_sigma": 1.9802077720905171
}