{
    "target_epsilon": 0.7949565020990761,
    "distortion_PLRV": 2.0637079891081216,
    "target_delta": 1.18874967309384e-05,
    "C": 1.5517241379310345,
    "sample_rate": 0.024345593304961843,
    "G_k": 57.336683417085425,
    "G_theta": 0.008601228364042434,
    "steps": 124.0,
    "??": 125.0,
    "distortion": 2.0966763757711755,
    "dist_to_fix_eps": 0.015036353565516136,
    "a_G": 1,
    "distributions": [
        "Gamma"
    ],
    "gaussian_eps": 0.7849636464344839,
    "gaussian_q": 0.024345593304961843,
    "gaussian_sigma": 1.693467336683417,
    "clip": 5.0,
    "distortion_Gaussian": 6.755957210818232,
    "diff_distortion": 4.69224922171011
}