{
    "target_epsilon": 0.49822648092259525,
    "distortion_PLRV": 2.1957847812644506,
    "target_delta": 5.365555281316063e-06,
    "C": 1.5517241379310345,
    "sample_rate": 0.010988657216135298,
    "G_k": 75.27638190954774,
    "G_theta": 0.006131397729387679,
    "steps": 274.0,
    "lambda_max": 150.0,
    "matching_entries": 2.214886616541657,
    "dist_to_fix_eps": 0.01177080959016974,
    "a_G": 1,
    "distributions": [
        "Gamma"
    ],
    "gaussian_eps": 0.48822919040983026,
    "gaussian_q": 0.010988657216135298,
    "gaussian_sigma": 1.7889447236180904,
    "gaussian_clip": 5.0,
    "distortion_Gaussian": 7.136856875523118,
    "diff_distortion": 4.941072094258667
}