{
    "target_epsilon": 1.8835376125651022,
    "distortion_PLRV": 1.6139871159104597,
    "target_delta": 7.4240152043831385e-06,
    "C": 3.0,
    "sample_rate": 0.015204383138576668,
    "G_k": 116.28140703517587,
    "G_theta": 0.005374532185046113,
    "steps": 197.0,
    "diff_dist": 0.7796665664981366,
    "a_G": 1,
    "distributions": [
        "Gamma"
    ],
    "epsilon": 1.8572983520346484,
    "distortion_Gaussian": 2.3936536824085963,
    "sigma": 3.0
}