{
    "target_epsilon": 1.6991198177695905,
    "distortion_PLRV": 1.725633021158515,
    "target_delta": 7.4240152043831385e-06,
    "C": 3.0,
    "sample_rate": 0.015204383138576668,
    "G_k": 149.44723618090453,
    "G_theta": 0.0039037270234589224,
    "steps": 197.0,
    "diff_dist": 0.7762763554293646,
    "a_G": 1,
    "distributions": [
        "Gamma"
    ],
    "epsilon": 1.6321893415282251,
    "distortion_Gaussian": 2.5019093765878795,
    "sigma": 3.135678391959799
}