{
    "C": 0.4,
    "array_alpha": 256,
    "sample_size": 363847,
    "target_delta": 0.0000013742039923374386,
    "batch_size": 1024,
    "sample_rate": 0.0028143697763070743,
    "epoch": 3,
    "steps": 1066,
    "dataset": "qqp"
}