{
    "mnli": {
        "eval_loss": 1.2388057708740234,
        "eval_mnli/acc": 0.8682628629648497
    },
    "mnli-mm": {
        "eval_loss": 1.233514666557312,
        "eval_mnli-mm/acc": 0.8708299430431244
    }
}