{
    "qnli": {
        "eval_loss": 0.7454307675361633,
        "eval_acc": 0.8178656415888705,
        "eps_rdp": 0.6754590922919089,
        "alpha_rdp": 18.0,
        "eps_low": 0.49285728585901895,
        "eps_estimate": 0.5428971029731833,
        "eps_upper": 0.5929369185020081
    }
}