{
    "C": 0.4,
    "array_alpha": 256,
    "sample_size": 104743,
    "target_delta": 0.000004773588688504244,
    "batch_size": 1024,
    "sample_rate": 0.009776309634056691,
    "epoch": 3,
    "steps": 307,
    "dataset": "qnli"
}