{
    "sst-2": {
        "eval_loss": 1.931910514831543,
        "eval_acc": 0.5711009174311926
    }
}