{
    "qnli": {
        "eval_loss": 0.8256925940513611,
        "eval_acc": 0.8083470620538166,
        "eps_rdp": 6.9807241175513255,
        "alpha_rdp": 3.0,
        "eps_low": 5.735794844958983,
        "eps_estimate": 5.786290516242474,
        "eps_upper": 5.836786445373409
    }
}