{
    "sst-2": {
        "eval_loss": 0.9946599006652832,
        "eval_acc": 0.8692660550458715,
        "eps_rdp": 1.08584927671817,
        "alpha_rdp": 12.0,
        "eps_low": 0.8530569358214181,
        "eps_estimate": 0.9031287516323412,
        "eps_upper": 0.953200562286124
    }
}