{
    "mnli": {
        "eval_loss": 1.4143297672271729,
        "eval_mnli/acc": 0.83015792154865
    },
    "mnli-mm": {
        "eval_loss": 1.397422432899475,
        "eval_mnli-mm/acc": 0.8321806346623271
    }
}