{
    "sst-2": {
        "eval_loss": -98.959716796875,
        "eval_acc": 0.9185779816513762
    }
}