{
    "C": 0.6,
    "array_alpha": 256,
    "sample_size": 42061,
    "target_delta": 0.0000118874967309384,
    "batch_size": 1024,
    "sample_rate": 0.024345593304961843,
    "epoch": 10,
    "steps": 411,
    "dataset": "e2e"
}