{
    "sst-2": {
        "eval_loss": 0.951283872127533,
        "eval_acc": 0.8337155963302753,
        "eps_rdp": 6.980783603043001,
        "alpha_rdp": 2.9,
        "eps_low": 5.756660627868103,
        "eps_estimate": 5.807163294961457,
        "eps_upper": 5.8576668044021005
    }
}