{
    "sst-2": {
        "eval_loss": 0.9859310984611511,
        "eval_acc": 0.8899082568807339,
        "eps_rdp": 1.0030164475255794,
        "alpha_rdp": 13.0,
        "eps_low": 0.7925565631208308,
        "eps_estimate": 0.8426229807066049,
        "eps_upper": 0.8926893938813764
    }
}