{
    "sst-2": {
        "eval_loss": 0.7358683347702026,
        "eval_acc": 0.8658256880733946,
        "eps_rdp": 1.852546555867231,
        "alpha_rdp": 7.4,
        "eps_low": 1.4073471352912577,
        "eps_estimate": 1.4574806904885906,
        "eps_upper": 1.507614227851315
    }
}