{
    "qnli": {
        "eval_loss": 0.799373984336853,
        "eval_acc": 0.8960278235401794
    }
}